{
    "model_name": "lstm",
    "features": [
        "SMA_10",
        "SMA_30",
        "RSI",
        "MACD",
        "Signal_Line"
    ],
    "metrics": {
        "accuracy": 0.5836575627326965,
        "training_history": {
            "accuracy": [
                0.569343090057373,
                0.6301703453063965,
                0.6642335653305054,
                0.6654500961303711,
                0.6909975409507751,
                0.6922141313552856,
                0.6995133757591248,
                0.7007299065589905,
                0.6958637237548828,
                0.7092457413673401,
                0.698296844959259,
                0.7177615761756897,
                0.712895393371582,
                0.7238442897796631,
                0.7165449857711792,
                0.7080292105674744,
                0.7347931861877441,
                0.7214111685752869,
                0.7445255517959595,
                0.7165449857711792,
                0.7287104725837708,
                0.7311435341835022,
                0.7566909790039062,
                0.7457420825958252,
                0.7457420825958252,
                0.7627737522125244,
                0.7603406310081482,
                0.7591241002082825,
                0.7639902830123901,
                0.7591241002082825,
                0.7603406310081482,
                0.7542579174041748,
                0.7542579174041748,
                0.7761557102203369,
                0.7773722410202026,
                0.787104606628418,
                0.7858880758285522,
                0.7956204414367676,
                0.7907542586326599,
                0.7968369722366333,
                0.8090024590492249,
                0.8065693378448486,
                0.8284671306610107,
                0.8199513554573059,
                0.8150851726531982,
                0.8199513554573059,
                0.8321167826652527,
                0.816301703453064,
                0.8114355206489563,
                0.84549880027771
            ],
            "loss": [
                0.6732931137084961,
                0.6432936787605286,
                0.6232495307922363,
                0.6196626424789429,
                0.6076361536979675,
                0.5980696082115173,
                0.5993388295173645,
                0.5875816941261292,
                0.5818490982055664,
                0.5826766490936279,
                0.5768054127693176,
                0.5698882341384888,
                0.5575588345527649,
                0.5577343106269836,
                0.5561391115188599,
                0.5537142157554626,
                0.5434216260910034,
                0.5393466949462891,
                0.5334634184837341,
                0.538913905620575,
                0.5347492098808289,
                0.5352860689163208,
                0.5190007090568542,
                0.5173713564872742,
                0.5136793851852417,
                0.5004284977912903,
                0.5013627409934998,
                0.49739667773246765,
                0.49805381894111633,
                0.49207907915115356,
                0.48886406421661377,
                0.49611926078796387,
                0.48693063855171204,
                0.4804561138153076,
                0.4662974178791046,
                0.45385271310806274,
                0.4414241313934326,
                0.4393659830093384,
                0.4397406578063965,
                0.42496374249458313,
                0.43556156754493713,
                0.42994028329849243,
                0.3984813094139099,
                0.41095247864723206,
                0.39742523431777954,
                0.39875343441963196,
                0.3894816040992737,
                0.4143497049808502,
                0.39979368448257446,
                0.36987510323524475
            ],
            "val_accuracy": [
                0.5339806079864502,
                0.5194174647331238,
                0.5291262269020081,
                0.5048543810844421,
                0.5485436916351318,
                0.5631067752838135,
                0.5582524538040161,
                0.5485436916351318,
                0.5436893105506897,
                0.5582524538040161,
                0.553398072719574,
                0.5582524538040161,
                0.5679611563682556,
                0.5679611563682556,
                0.5631067752838135,
                0.5776699185371399,
                0.553398072719574,
                0.5582524538040161,
                0.5631067752838135,
                0.5679611563682556,
                0.5485436916351318,
                0.5679611563682556,
                0.5436893105506897,
                0.5582524538040161,
                0.5679611563682556,
                0.5388349294662476,
                0.5631067752838135,
                0.5339806079864502,
                0.5485436916351318,
                0.5582524538040161,
                0.5582524538040161,
                0.5436893105506897,
                0.5485436916351318,
                0.5728155374526978,
                0.5436893105506897,
                0.5436893105506897,
                0.553398072719574,
                0.5582524538040161,
                0.5339806079864502,
                0.5679611563682556,
                0.5776699185371399,
                0.5582524538040161,
                0.553398072719574,
                0.553398072719574,
                0.5485436916351318,
                0.5631067752838135,
                0.553398072719574,
                0.5485436916351318,
                0.5679611563682556,
                0.5436893105506897
            ],
            "val_loss": [
                0.6918527483940125,
                0.7226824164390564,
                0.7481814026832581,
                0.7272723913192749,
                0.7300393581390381,
                0.723747968673706,
                0.7273620963096619,
                0.7407404184341431,
                0.7285812497138977,
                0.7424938082695007,
                0.7129853367805481,
                0.7171509265899658,
                0.7492780089378357,
                0.7296236753463745,
                0.7548522353172302,
                0.7181472778320312,
                0.7338219881057739,
                0.7258493900299072,
                0.7246490716934204,
                0.7474191784858704,
                0.7231861352920532,
                0.7623394131660461,
                0.732499361038208,
                0.750289797782898,
                0.7295762300491333,
                0.7521569728851318,
                0.762885332107544,
                0.764979362487793,
                0.7772105932235718,
                0.7923983335494995,
                0.7768242359161377,
                0.804471492767334,
                0.8052843809127808,
                0.8285846710205078,
                0.8585430383682251,
                0.8249169588088989,
                0.8565776944160461,
                0.7844732403755188,
                0.8820561766624451,
                0.8610659241676331,
                0.9465329647064209,
                0.8619422316551208,
                0.9207171201705933,
                0.9648463129997253,
                0.9913983345031738,
                0.9385131597518921,
                1.0351245403289795,
                1.0252074003219604,
                0.979283332824707,
                1.0334771871566772
            ]
        }
    },
    "created_at": "20250104_223916"
}