{
    "model_name": "lstm",
    "features": [
        "SMA_20",
        "SMA_50",
        "RSI",
        "MACD",
        "Signal_Line",
        "ROC_10",
        "ROC_20"
    ],
    "metrics": {
        "accuracy": 0.5603112578392029,
        "training_history": {
            "accuracy": [
                0.5839415788650513,
                0.6423357725143433,
                0.672749400138855,
                0.6569343209266663,
                0.7201946377754211,
                0.712895393371582,
                0.687347948551178,
                0.7177615761756897,
                0.7214111685752869,
                0.7238442897796631,
                0.727493941783905,
                0.7311435341835022,
                0.7250608205795288,
                0.7323601245880127,
                0.7518247961997986,
                0.7566909790039062,
                0.7615571618080139,
                0.7664233446121216,
                0.7895377278327942,
                0.7883211970329285,
                0.7907542586326599,
                0.787104606628418,
                0.8090024590492249,
                0.8077858686447144,
                0.7992700934410095,
                0.8114355206489563,
                0.8211678862571716,
                0.8223844170570374,
                0.8333333134651184,
                0.8345499038696289,
                0.8467153310775757,
                0.8430656790733337,
                0.8552311658859253,
                0.84549880027771,
                0.8637469410896301,
                0.860097348690033,
                0.8686131238937378,
                0.8832116723060608,
                0.8661800622940063,
                0.8673965930938721,
                0.8807786107063293,
                0.8819951415061951,
                0.8795620203018188,
                0.8905109763145447,
                0.9014598727226257,
                0.8807786107063293,
                0.8892943859100342,
                0.885644793510437,
                0.885644793510437,
                0.8978102207183838
            ],
            "loss": [
                0.6732486486434937,
                0.63835209608078,
                0.6217094659805298,
                0.6175890564918518,
                0.5885345339775085,
                0.5763185620307922,
                0.5769887566566467,
                0.5589261651039124,
                0.5533261895179749,
                0.5522729158401489,
                0.5511879920959473,
                0.5324573516845703,
                0.5399869084358215,
                0.5266917943954468,
                0.5062007904052734,
                0.4898492991924286,
                0.494549423456192,
                0.4757441282272339,
                0.4612557888031006,
                0.45031002163887024,
                0.446100115776062,
                0.4474623501300812,
                0.4247688353061676,
                0.4143545925617218,
                0.41393372416496277,
                0.4015546143054962,
                0.3942229449748993,
                0.39758485555648804,
                0.3767630457878113,
                0.36617136001586914,
                0.3664953112602234,
                0.3598528206348419,
                0.353409081697464,
                0.3629671335220337,
                0.3184204399585724,
                0.3349992632865906,
                0.31727325916290283,
                0.29542720317840576,
                0.3187328577041626,
                0.29409950971603394,
                0.2985135614871979,
                0.28730541467666626,
                0.28233492374420166,
                0.24658849835395813,
                0.24496237933635712,
                0.2677326202392578,
                0.2636224627494812,
                0.28714147210121155,
                0.2768138349056244,
                0.23427227139472961
            ],
            "val_accuracy": [
                0.5145630836486816,
                0.5048543810844421,
                0.5339806079864502,
                0.5097087621688843,
                0.5291262269020081,
                0.49514561891555786,
                0.5291262269020081,
                0.5291262269020081,
                0.5194174647331238,
                0.5485436916351318,
                0.5242718458175659,
                0.5291262269020081,
                0.5388349294662476,
                0.5291262269020081,
                0.5097087621688843,
                0.5339806079864502,
                0.5291262269020081,
                0.5291262269020081,
                0.5291262269020081,
                0.5242718458175659,
                0.5194174647331238,
                0.5097087621688843,
                0.5339806079864502,
                0.5291262269020081,
                0.5097087621688843,
                0.5291262269020081,
                0.5097087621688843,
                0.5097087621688843,
                0.4902912676334381,
                0.4757281541824341,
                0.47087377309799194,
                0.47087377309799194,
                0.4757281541824341,
                0.4660194218158722,
                0.4660194218158722,
                0.4757281541824341,
                0.43689319491386414,
                0.43689319491386414,
                0.47087377309799194,
                0.47087377309799194,
                0.43689319491386414,
                0.4563106894493103,
                0.446601927280426,
                0.4660194218158722,
                0.43689319491386414,
                0.4563106894493103,
                0.4223301112651825,
                0.4563106894493103,
                0.41747573018074036,
                0.4223301112651825
            ],
            "val_loss": [
                0.6979702711105347,
                0.7409060001373291,
                0.7545350193977356,
                0.7633612155914307,
                0.7841534614562988,
                0.793398380279541,
                0.8051925897598267,
                0.8054132461547852,
                0.8288848996162415,
                0.8924129605293274,
                0.8397524952888489,
                0.9000329375267029,
                0.8671083450317383,
                0.8714678287506104,
                0.8345736265182495,
                0.9380413293838501,
                0.9306089282035828,
                0.9372531771659851,
                0.9646508693695068,
                0.9382543563842773,
                1.0364686250686646,
                1.033781886100769,
                1.013572335243225,
                0.9429320693016052,
                1.0185160636901855,
                1.0556613206863403,
                1.0464543104171753,
                1.1750696897506714,
                1.0392191410064697,
                1.1354717016220093,
                1.1198164224624634,
                1.188950777053833,
                1.1964019536972046,
                1.3417537212371826,
                1.2452075481414795,
                1.2699651718139648,
                1.1995912790298462,
                1.2998517751693726,
                1.3270666599273682,
                1.5234078168869019,
                1.4045466184616089,
                1.3829854726791382,
                1.4529249668121338,
                1.493943691253662,
                1.6400048732757568,
                1.4753007888793945,
                1.5103195905685425,
                1.4650347232818604,
                1.4280924797058105,
                1.4834442138671875
            ]
        }
    },
    "created_at": "20250104_224044"
}