{
    "model_name": "lstm",
    "features": [
        "SMA_10",
        "SMA_30",
        "RSI",
        "MACD",
        "Signal_Line"
    ],
    "metrics": {
        "accuracy": 0.5797665119171143,
        "training_history": {
            "accuracy": [
                0.540145993232727,
                0.6265206933021545,
                0.669099748134613,
                0.683698296546936,
                0.6849148273468018,
                0.6885644793510437,
                0.687347948551178,
                0.6849148273468018,
                0.6995133757591248,
                0.7031630277633667,
                0.7080292105674744,
                0.6995133757591248,
                0.7068126797676086,
                0.7055960893630981,
                0.7153284549713135,
                0.7031630277633667,
                0.7141119241714478,
                0.7214111685752869,
                0.7311435341835022,
                0.7068126797676086,
                0.7153284549713135,
                0.7433090209960938,
                0.7396593689918518,
                0.7347931861877441,
                0.7591241002082825,
                0.7457420825958252,
                0.7530413866043091,
                0.7652068138122559,
                0.7554744482040405,
                0.7445255517959595,
                0.7785888314247131,
                0.787104606628418,
                0.7676398754119873,
                0.7749391794204712,
                0.7737226486206055,
                0.7846715450286865,
                0.7773722410202026,
                0.8004866242408752,
                0.798053503036499,
                0.798053503036499,
                0.7944039106369019,
                0.8053528070449829,
                0.7931873202323914,
                0.7956204414367676,
                0.8223844170570374,
                0.8284671306610107,
                0.8333333134651184,
                0.8065693378448486,
                0.8296837210655212,
                0.8065693378448486
            ],
            "loss": [
                0.6872538328170776,
                0.6504368185997009,
                0.6310034394264221,
                0.6146196126937866,
                0.6061985492706299,
                0.6034163236618042,
                0.5916756391525269,
                0.5942259430885315,
                0.579935610294342,
                0.5840415954589844,
                0.5720559358596802,
                0.5728286504745483,
                0.5738846063613892,
                0.5668751001358032,
                0.5651487112045288,
                0.5576466917991638,
                0.5507394671440125,
                0.5465799570083618,
                0.5442708134651184,
                0.5504345297813416,
                0.5487371683120728,
                0.5292362570762634,
                0.5360459685325623,
                0.522114634513855,
                0.506471574306488,
                0.5262150168418884,
                0.5053708553314209,
                0.5150853395462036,
                0.5107951760292053,
                0.5033926367759705,
                0.49270203709602356,
                0.4905082881450653,
                0.4959137737751007,
                0.4817112684249878,
                0.47021108865737915,
                0.46326178312301636,
                0.46902918815612793,
                0.44338223338127136,
                0.4609070420265198,
                0.45051419734954834,
                0.4399135112762451,
                0.42413270473480225,
                0.42244818806648254,
                0.4346918761730194,
                0.40322256088256836,
                0.3908293843269348,
                0.37613388895988464,
                0.3912837505340576,
                0.3774329721927643,
                0.39607101678848267
            ],
            "val_accuracy": [
                0.5582524538040161,
                0.5339806079864502,
                0.5145630836486816,
                0.5485436916351318,
                0.5145630836486816,
                0.5776699185371399,
                0.5097087621688843,
                0.5582524538040161,
                0.5631067752838135,
                0.5388349294662476,
                0.5582524538040161,
                0.5631067752838135,
                0.5970873832702637,
                0.553398072719574,
                0.5582524538040161,
                0.5873786211013794,
                0.5970873832702637,
                0.5728155374526978,
                0.5582524538040161,
                0.6019417643547058,
                0.5970873832702637,
                0.5873786211013794,
                0.5631067752838135,
                0.5679611563682556,
                0.5776699185371399,
                0.5582524538040161,
                0.5485436916351318,
                0.5485436916351318,
                0.5436893105506897,
                0.5485436916351318,
                0.5485436916351318,
                0.5436893105506897,
                0.5631067752838135,
                0.5242718458175659,
                0.5291262269020081,
                0.553398072719574,
                0.5291262269020081,
                0.5242718458175659,
                0.5631067752838135,
                0.5194174647331238,
                0.5631067752838135,
                0.5485436916351318,
                0.5631067752838135,
                0.5194174647331238,
                0.5582524538040161,
                0.5291262269020081,
                0.5,
                0.5631067752838135,
                0.4805825352668762,
                0.5145630836486816
            ],
            "val_loss": [
                0.6855591535568237,
                0.693321168422699,
                0.7026211619377136,
                0.7090108394622803,
                0.7100241780281067,
                0.7185205817222595,
                0.7221569418907166,
                0.7210210561752319,
                0.7212796211242676,
                0.7333955764770508,
                0.7251125574111938,
                0.7366193532943726,
                0.7344098687171936,
                0.7373955249786377,
                0.7425252199172974,
                0.7472041845321655,
                0.7310256361961365,
                0.7486277222633362,
                0.7480925917625427,
                0.7468729615211487,
                0.742026686668396,
                0.7600982189178467,
                0.7488721013069153,
                0.7556790709495544,
                0.7832290530204773,
                0.7585281729698181,
                0.7835556268692017,
                0.826909601688385,
                0.7576190829277039,
                0.8094485402107239,
                0.7892903685569763,
                0.7786694169044495,
                0.8836719393730164,
                0.8789724707603455,
                0.9060735106468201,
                0.9162651896476746,
                0.8559812307357788,
                0.9939805269241333,
                0.8750159740447998,
                0.8953863382339478,
                1.0122312307357788,
                0.9946408867835999,
                0.9411748051643372,
                1.015899658203125,
                1.056604027748108,
                1.0926215648651123,
                0.9813141226768494,
                1.0477529764175415,
                1.1550403833389282,
                1.1875699758529663
            ]
        }
    },
    "created_at": "20250104_223632"
}