{
    "model_name": "lstm",
    "features": [
        "SMA_50",
        "SMA_200",
        "RSI",
        "MACD",
        "Signal_Line"
    ],
    "metrics": {
        "accuracy": 0.5603112578392029,
        "training_history": {
            "accuracy": [
                0.5620437860488892,
                0.6277372241020203,
                0.6508516073226929,
                0.6812652349472046,
                0.6909975409507751,
                0.6861313581466675,
                0.7007299065589905,
                0.7031630277633667,
                0.7043795585632324,
                0.7080292105674744,
                0.727493941783905,
                0.7299270033836365,
                0.7299270033836365,
                0.7372262477874756,
                0.7408758997917175,
                0.7396593689918518,
                0.7408758997917175,
                0.7566909790039062,
                0.7652068138122559,
                0.7798053622245789,
                0.7652068138122559,
                0.7798053622245789,
                0.7688564658164978,
                0.7798053622245789,
                0.7712895274162292,
                0.7676398754119873,
                0.7591241002082825,
                0.7737226486206055,
                0.7919707894325256,
                0.7919707894325256,
                0.7846715450286865,
                0.7919707894325256,
                0.8029196858406067,
                0.7944039106369019,
                0.8041362762451172,
                0.8004866242408752,
                0.801703155040741,
                0.8114355206489563,
                0.8102189898490906,
                0.8102189898490906,
                0.8187347650527954,
                0.8175182342529297,
                0.8199513554573059,
                0.8138686418533325,
                0.8321167826652527,
                0.8260340690612793,
                0.8223844170570374,
                0.8394160866737366,
                0.8381994962692261,
                0.8467153310775757
            ],
            "loss": [
                0.6821193099021912,
                0.6520980000495911,
                0.6290894746780396,
                0.6144413352012634,
                0.5947486162185669,
                0.5906616449356079,
                0.5840392112731934,
                0.5803920030593872,
                0.5790771842002869,
                0.5762785077095032,
                0.5651707053184509,
                0.5588971972465515,
                0.5560579895973206,
                0.5442365407943726,
                0.5231955051422119,
                0.523466944694519,
                0.5336914658546448,
                0.511229932308197,
                0.5133456587791443,
                0.47973060607910156,
                0.4901110827922821,
                0.4652819335460663,
                0.4838346540927887,
                0.46443647146224976,
                0.4699161648750305,
                0.45182305574417114,
                0.49308985471725464,
                0.4658230245113373,
                0.4468564987182617,
                0.43234363198280334,
                0.4299624562263489,
                0.4194389283657074,
                0.4222242832183838,
                0.43643251061439514,
                0.41715672612190247,
                0.4287968873977661,
                0.40983009338378906,
                0.3968287706375122,
                0.39498403668403625,
                0.40607887506484985,
                0.39593052864074707,
                0.37928396463394165,
                0.3737635612487793,
                0.3749668002128601,
                0.35274019837379456,
                0.37817853689193726,
                0.37145698070526123,
                0.3476361334323883,
                0.35299065709114075,
                0.33313849568367004
            ],
            "val_accuracy": [
                0.4902912676334381,
                0.5,
                0.48543688654899597,
                0.5097087621688843,
                0.5339806079864502,
                0.5679611563682556,
                0.582524299621582,
                0.5436893105506897,
                0.6213592290878296,
                0.553398072719574,
                0.5485436916351318,
                0.5679611563682556,
                0.5728155374526978,
                0.5582524538040161,
                0.5970873832702637,
                0.5970873832702637,
                0.582524299621582,
                0.6019417643547058,
                0.5728155374526978,
                0.5631067752838135,
                0.5631067752838135,
                0.5922330021858215,
                0.5728155374526978,
                0.5873786211013794,
                0.6165048480033875,
                0.5970873832702637,
                0.5728155374526978,
                0.582524299621582,
                0.5922330021858215,
                0.5728155374526978,
                0.6019417643547058,
                0.5873786211013794,
                0.6359223127365112,
                0.6213592290878296,
                0.5582524538040161,
                0.606796145439148,
                0.5970873832702637,
                0.6019417643547058,
                0.6165048480033875,
                0.6116504669189453,
                0.6019417643547058,
                0.606796145439148,
                0.6165048480033875,
                0.606796145439148,
                0.6359223127365112,
                0.5922330021858215,
                0.655339777469635,
                0.5970873832702637,
                0.6359223127365112,
                0.6359223127365112
            ],
            "val_loss": [
                0.6960941553115845,
                0.7125275135040283,
                0.7316286563873291,
                0.7355484366416931,
                0.7640193700790405,
                0.7409316897392273,
                0.754414975643158,
                0.7374254465103149,
                0.8208942413330078,
                0.7618698477745056,
                0.7716304659843445,
                0.7413183450698853,
                0.7380673289299011,
                0.7562561631202698,
                0.7672473192214966,
                0.7913705706596375,
                0.7513649463653564,
                0.7531397342681885,
                0.7899054884910583,
                0.7932033538818359,
                0.7881734371185303,
                0.78146892786026,
                0.7726444602012634,
                0.7844187021255493,
                0.7575785517692566,
                0.8152197003364563,
                0.8068580031394958,
                0.7831353545188904,
                0.8438225388526917,
                0.8021115064620972,
                0.8358461856842041,
                0.8495224714279175,
                0.8384775519371033,
                0.7720073461532593,
                0.8455629944801331,
                0.8010410070419312,
                0.8536043167114258,
                0.798290491104126,
                0.8892010450363159,
                0.859208881855011,
                0.8580874800682068,
                0.8457823991775513,
                0.9087265133857727,
                0.9329321384429932,
                0.8827856779098511,
                0.9524819850921631,
                0.8403708338737488,
                0.9392444491386414,
                0.822280764579773,
                0.9141623973846436
            ]
        }
    },
    "created_at": "20250104_223854"
}