{
    "model_name": "lstm",
    "features": [
        "SMA_20",
        "SMA_50",
        "RSI",
        "MACD",
        "Signal_Line"
    ],
    "metrics": {
        "accuracy": 0.5525291562080383,
        "training_history": {
            "accuracy": [
                0.5900243520736694,
                0.639902651309967,
                0.6630170345306396,
                0.6666666865348816,
                0.687347948551178,
                0.6812652349472046,
                0.701946496963501,
                0.6995133757591248,
                0.7043795585632324,
                0.7043795585632324,
                0.7177615761756897,
                0.7031630277633667,
                0.7043795585632324,
                0.7104622721672058,
                0.7165449857711792,
                0.7214111685752869,
                0.7141119241714478,
                0.7201946377754211,
                0.7250608205795288,
                0.7238442897796631,
                0.7262773513793945,
                0.7092457413673401,
                0.7384428381919861,
                0.7518247961997986,
                0.7469586133956909,
                0.7396593689918518,
                0.7469586133956909,
                0.7566909790039062,
                0.7639902830123901,
                0.7676398754119873,
                0.7639902830123901,
                0.7664233446121216,
                0.7603406310081482,
                0.7822384238243103,
                0.7749391794204712,
                0.7700729966163635,
                0.7749391794204712,
                0.772506058216095,
                0.7773722410202026,
                0.7944039106369019,
                0.7895377278327942,
                0.7761557102203369,
                0.7907542586326599,
                0.8102189898490906,
                0.8077858686447144,
                0.8138686418533325,
                0.812652051448822,
                0.8029196858406067,
                0.8138686418533325,
                0.8236009478569031
            ],
            "loss": [
                0.6745303273200989,
                0.6379736661911011,
                0.6337546706199646,
                0.623298168182373,
                0.6072477102279663,
                0.6109791994094849,
                0.5903393626213074,
                0.5886371731758118,
                0.5738345384597778,
                0.57764732837677,
                0.5703702569007874,
                0.5726613998413086,
                0.5721811652183533,
                0.5671843886375427,
                0.5648231506347656,
                0.5563791990280151,
                0.5564515590667725,
                0.5591009855270386,
                0.5453447699546814,
                0.5433740019798279,
                0.5435073971748352,
                0.5543411374092102,
                0.5330668687820435,
                0.5288715958595276,
                0.5238012671470642,
                0.5211129784584045,
                0.5233740210533142,
                0.5109505653381348,
                0.499050498008728,
                0.4984484016895294,
                0.5074365735054016,
                0.4951302111148834,
                0.5001434683799744,
                0.487424373626709,
                0.4799487590789795,
                0.48100653290748596,
                0.47698819637298584,
                0.48524022102355957,
                0.471554160118103,
                0.44836360216140747,
                0.4608738422393799,
                0.4795543849468231,
                0.4661266803741455,
                0.4410230815410614,
                0.429133802652359,
                0.41973185539245605,
                0.42521294951438904,
                0.4384988844394684,
                0.4180506467819214,
                0.38762539625167847
            ],
            "val_accuracy": [
                0.5,
                0.5048543810844421,
                0.5388349294662476,
                0.5388349294662476,
                0.5582524538040161,
                0.553398072719574,
                0.5679611563682556,
                0.5485436916351318,
                0.5728155374526978,
                0.5728155374526978,
                0.5873786211013794,
                0.5776699185371399,
                0.5728155374526978,
                0.582524299621582,
                0.5728155374526978,
                0.582524299621582,
                0.5679611563682556,
                0.5728155374526978,
                0.5631067752838135,
                0.5631067752838135,
                0.5631067752838135,
                0.5873786211013794,
                0.5631067752838135,
                0.5679611563682556,
                0.5776699185371399,
                0.5728155374526978,
                0.5728155374526978,
                0.5631067752838135,
                0.5436893105506897,
                0.5194174647331238,
                0.5048543810844421,
                0.5339806079864502,
                0.5388349294662476,
                0.5339806079864502,
                0.5145630836486816,
                0.5145630836486816,
                0.5582524538040161,
                0.5339806079864502,
                0.5388349294662476,
                0.5242718458175659,
                0.5194174647331238,
                0.49514561891555786,
                0.5194174647331238,
                0.5242718458175659,
                0.5194174647331238,
                0.5048543810844421,
                0.5291262269020081,
                0.5145630836486816,
                0.5194174647331238,
                0.48543688654899597
            ],
            "val_loss": [
                0.7006310820579529,
                0.7495434284210205,
                0.7388486266136169,
                0.7421831488609314,
                0.7501891851425171,
                0.7343705296516418,
                0.7452849745750427,
                0.716027021408081,
                0.7403268218040466,
                0.7328925132751465,
                0.7281522154808044,
                0.7381505370140076,
                0.7292277216911316,
                0.7322317957878113,
                0.7279964089393616,
                0.7610381841659546,
                0.7482412457466125,
                0.7469803094863892,
                0.7628602981567383,
                0.742618978023529,
                0.7698512673377991,
                0.7742505669593811,
                0.7791165709495544,
                0.7491698265075684,
                0.790075957775116,
                0.7842617630958557,
                0.7904232144355774,
                0.8404733538627625,
                0.7951689958572388,
                0.8227761387825012,
                0.7941507697105408,
                0.8123016953468323,
                0.763313353061676,
                0.8639599680900574,
                0.8647130727767944,
                0.864503800868988,
                0.8338629007339478,
                0.8745121359825134,
                0.8811917901039124,
                0.8803133964538574,
                0.8924499750137329,
                0.8744634389877319,
                0.8865582942962646,
                0.9451764822006226,
                0.9181210994720459,
                0.944864809513092,
                0.9319837093353271,
                1.09148108959198,
                0.8881430625915527,
                1.0351355075836182
            ]
        }
    },
    "created_at": "20250104_223732"
}