{
    "model_name": "lstm",
    "features": [
        "SMA_20",
        "SMA_50",
        "RSI",
        "MACD",
        "Signal_Line"
    ],
    "metrics": {
        "accuracy": 0.5603112578392029,
        "training_history": {
            "accuracy": [
                0.5583941340446472,
                0.6508516073226929,
                0.6362530589103699,
                0.6922141313552856,
                0.6703162789344788,
                0.6909975409507751,
                0.6995133757591248,
                0.7068126797676086,
                0.6958637237548828,
                0.701946496963501,
                0.698296844959259,
                0.7092457413673401,
                0.7177615761756897,
                0.7141119241714478,
                0.7043795585632324,
                0.7141119241714478,
                0.7080292105674744,
                0.7238442897796631,
                0.7104622721672058,
                0.7360097169876099,
                0.7201946377754211,
                0.7408758997917175,
                0.7493917346000671,
                0.7408758997917175,
                0.7420924305915833,
                0.7347931861877441,
                0.7445255517959595,
                0.7396593689918518,
                0.7554744482040405,
                0.7591241002082825,
                0.7688564658164978,
                0.7773722410202026,
                0.7566909790039062,
                0.7688564658164978,
                0.7603406310081482,
                0.7919707894325256,
                0.7737226486206055,
                0.7712895274162292,
                0.7785888314247131,
                0.8102189898490906,
                0.8223844170570374,
                0.7944039106369019,
                0.8041362762451172,
                0.7944039106369019,
                0.8065693378448486,
                0.8053528070449829,
                0.8138686418533325,
                0.8090024590492249,
                0.8357664346694946,
                0.8345499038696289
            ],
            "loss": [
                0.6745607852935791,
                0.6528359055519104,
                0.6379559636116028,
                0.6266970038414001,
                0.6183671951293945,
                0.5976015329360962,
                0.5978474020957947,
                0.5907360315322876,
                0.5876754522323608,
                0.5802704691886902,
                0.5831428170204163,
                0.5796293616294861,
                0.5753918886184692,
                0.5665090680122375,
                0.5664688944816589,
                0.5643396377563477,
                0.5662364959716797,
                0.5516015291213989,
                0.5533556342124939,
                0.537907600402832,
                0.5457701086997986,
                0.5291827321052551,
                0.5239502787590027,
                0.5221650004386902,
                0.5220301747322083,
                0.5302323698997498,
                0.5086857676506042,
                0.5117884278297424,
                0.5144293308258057,
                0.4867081046104431,
                0.4964064955711365,
                0.4887514114379883,
                0.48625046014785767,
                0.4692683815956116,
                0.48361262679100037,
                0.4485848844051361,
                0.4689767062664032,
                0.45488306879997253,
                0.46473875641822815,
                0.4326757490634918,
                0.411150187253952,
                0.4390144944190979,
                0.42249220609664917,
                0.4263730049133301,
                0.42207780480384827,
                0.4282914400100708,
                0.40957197546958923,
                0.4038170278072357,
                0.3818057179450989,
                0.3817482590675354
            ],
            "val_accuracy": [
                0.5631067752838135,
                0.4902912676334381,
                0.4805825352668762,
                0.48543688654899597,
                0.5145630836486816,
                0.5048543810844421,
                0.49514561891555786,
                0.5194174647331238,
                0.5339806079864502,
                0.5485436916351318,
                0.5388349294662476,
                0.5582524538040161,
                0.5388349294662476,
                0.5436893105506897,
                0.5436893105506897,
                0.553398072719574,
                0.553398072719574,
                0.5339806079864502,
                0.5291262269020081,
                0.5728155374526978,
                0.5242718458175659,
                0.5145630836486816,
                0.5436893105506897,
                0.5485436916351318,
                0.5194174647331238,
                0.553398072719574,
                0.5194174647331238,
                0.5145630836486816,
                0.5097087621688843,
                0.5388349294662476,
                0.5291262269020081,
                0.5339806079864502,
                0.5048543810844421,
                0.5388349294662476,
                0.5436893105506897,
                0.5485436916351318,
                0.49514561891555786,
                0.48543688654899597,
                0.5145630836486816,
                0.4660194218158722,
                0.5388349294662476,
                0.5097087621688843,
                0.5,
                0.5242718458175659,
                0.5631067752838135,
                0.5582524538040161,
                0.48543688654899597,
                0.5048543810844421,
                0.5194174647331238,
                0.5485436916351318
            ],
            "val_loss": [
                0.6928931474685669,
                0.705847978591919,
                0.7142630219459534,
                0.733727216720581,
                0.7333047986030579,
                0.737206757068634,
                0.7357816696166992,
                0.7315235137939453,
                0.730341911315918,
                0.7421849966049194,
                0.7356963157653809,
                0.7390573620796204,
                0.7340423464775085,
                0.7300608158111572,
                0.7396767139434814,
                0.7409371733665466,
                0.7613005638122559,
                0.7454927563667297,
                0.7254770398139954,
                0.738838255405426,
                0.724633514881134,
                0.7851256728172302,
                0.788094162940979,
                0.7624092698097229,
                0.7306006550788879,
                0.8103219866752625,
                0.7113186120986938,
                0.795012891292572,
                0.7814699411392212,
                0.7747364044189453,
                0.7720471024513245,
                0.8134884238243103,
                0.8394201993942261,
                0.8460783958435059,
                0.8614099025726318,
                0.9529786109924316,
                0.8776436448097229,
                0.8347113132476807,
                0.8549240827560425,
                0.896487832069397,
                1.0865525007247925,
                0.8844735026359558,
                1.0673999786376953,
                0.981511652469635,
                0.9231411814689636,
                0.9815072417259216,
                1.0964198112487793,
                1.0595577955245972,
                1.0647996664047241,
                1.0575047731399536
            ]
        }
    },
    "created_at": "20250104_223512"
}