{
    "model_name": "lstm",
    "features": [
        "SMA_50",
        "SMA_200",
        "RSI",
        "MACD",
        "Signal_Line"
    ],
    "metrics": {
        "accuracy": 0.5642023086547852,
        "training_history": {
            "accuracy": [
                0.5559610724449158,
                0.6034063100814819,
                0.6459854245185852,
                0.6593673825263977,
                0.6751824617385864,
                0.698296844959259,
                0.7031630277633667,
                0.6763990521430969,
                0.6970803141593933,
                0.7055960893630981,
                0.701946496963501,
                0.701946496963501,
                0.7031630277633667,
                0.7055960893630981,
                0.7068126797676086,
                0.7177615761756897,
                0.7177615761756897,
                0.7347931861877441,
                0.7372262477874756,
                0.7372262477874756,
                0.7554744482040405,
                0.7493917346000671,
                0.7493917346000671,
                0.7652068138122559,
                0.7944039106369019,
                0.7834550142288208,
                0.7858880758285522,
                0.7992700934410095,
                0.7846715450286865,
                0.8090024590492249,
                0.8004866242408752,
                0.8260340690612793,
                0.830900251865387,
                0.8077858686447144,
                0.8236009478569031,
                0.8187347650527954,
                0.8102189898490906,
                0.8442822098731995,
                0.8369829654693604,
                0.8102189898490906,
                0.8394160866737366,
                0.8552311658859253,
                0.8515815138816833,
                0.8394160866737366,
                0.8321167826652527,
                0.8479318618774414,
                0.8442822098731995,
                0.8540145754814148,
                0.860097348690033,
                0.871046245098114
            ],
            "loss": [
                0.6813823580741882,
                0.6531233787536621,
                0.637013852596283,
                0.6223224997520447,
                0.6152894496917725,
                0.6078910827636719,
                0.6010458469390869,
                0.6019859313964844,
                0.5867317914962769,
                0.5795678496360779,
                0.5718731880187988,
                0.5758275985717773,
                0.5768671631813049,
                0.5547848343849182,
                0.5538889765739441,
                0.5508418083190918,
                0.5414109230041504,
                0.5323123931884766,
                0.5281054377555847,
                0.5144190192222595,
                0.49511903524398804,
                0.5107131600379944,
                0.5010112524032593,
                0.48643767833709717,
                0.46118101477622986,
                0.4682530164718628,
                0.4478108882904053,
                0.4402718245983124,
                0.46002018451690674,
                0.42148470878601074,
                0.42665326595306396,
                0.40162432193756104,
                0.40460482239723206,
                0.4015662670135498,
                0.38776838779449463,
                0.3825945556163788,
                0.3897410035133362,
                0.36570224165916443,
                0.3784535825252533,
                0.39509955048561096,
                0.3632442057132721,
                0.33950334787368774,
                0.3414740562438965,
                0.3651656210422516,
                0.3767809271812439,
                0.34135329723358154,
                0.356827050447464,
                0.3327186703681946,
                0.30791372060775757,
                0.29425352811813354
            ],
            "val_accuracy": [
                0.4902912676334381,
                0.5242718458175659,
                0.5145630836486816,
                0.5194174647331238,
                0.47087377309799194,
                0.5,
                0.5291262269020081,
                0.5048543810844421,
                0.5194174647331238,
                0.47087377309799194,
                0.4902912676334381,
                0.49514561891555786,
                0.5436893105506897,
                0.5436893105506897,
                0.5388349294662476,
                0.5048543810844421,
                0.5291262269020081,
                0.5582524538040161,
                0.5145630836486816,
                0.5485436916351318,
                0.5679611563682556,
                0.5582524538040161,
                0.5388349294662476,
                0.5339806079864502,
                0.553398072719574,
                0.582524299621582,
                0.5728155374526978,
                0.5436893105506897,
                0.5582524538040161,
                0.5485436916351318,
                0.5922330021858215,
                0.5291262269020081,
                0.5388349294662476,
                0.5291262269020081,
                0.5145630836486816,
                0.5436893105506897,
                0.5631067752838135,
                0.5242718458175659,
                0.5485436916351318,
                0.5436893105506897,
                0.5922330021858215,
                0.5339806079864502,
                0.5339806079864502,
                0.553398072719574,
                0.5388349294662476,
                0.5776699185371399,
                0.5679611563682556,
                0.5728155374526978,
                0.553398072719574,
                0.5242718458175659
            ],
            "val_loss": [
                0.695968747138977,
                0.730389416217804,
                0.7518796920776367,
                0.7594727277755737,
                0.7622351050376892,
                0.7528412342071533,
                0.7494083046913147,
                0.7494489550590515,
                0.743074893951416,
                0.7582829594612122,
                0.7645259499549866,
                0.7644051313400269,
                0.766208291053772,
                0.759239912033081,
                0.7685844898223877,
                0.7742801308631897,
                0.7703088521957397,
                0.7614187598228455,
                0.7998932003974915,
                0.7992858290672302,
                0.8114480376243591,
                0.7966252565383911,
                0.8376232981681824,
                0.8566516041755676,
                0.8776122331619263,
                0.8565801978111267,
                0.8509309887886047,
                0.931603729724884,
                0.9521356225013733,
                0.9748354554176331,
                0.9154804348945618,
                0.9612317085266113,
                1.0217090845108032,
                0.979464054107666,
                0.9894812107086182,
                1.0016682147979736,
                1.0338560342788696,
                1.0719772577285767,
                0.9498733282089233,
                1.0432360172271729,
                0.9770388603210449,
                1.1483479738235474,
                1.08293616771698,
                1.0961840152740479,
                1.099724531173706,
                1.145422101020813,
                1.1344609260559082,
                1.0591799020767212,
                1.1472973823547363,
                1.1594535112380981
            ]
        }
    },
    "created_at": "20250104_224220"
}