{
    "random_forest_aggressive": {
        "train_accuracy": 0.957487922705314,
        "validation_accuracy": 0.5598455598455598,
        "feature_importance": {
            "SMA_20": 0.23827576790049518,
            "SMA_50": 0.31831179385559977,
            "RSI": 0.12353638127037754,
            "MACD": 0.16832177007697657,
            "Signal_Line": 0.15155428689655098
        },
        "model_type": "Aggressive RandomForest"
    },
    "random_forest_conservative": {
        "train_accuracy": 0.7903381642512077,
        "validation_accuracy": 0.5675675675675675,
        "feature_importance": {
            "SMA_20": 0.2494341296582245,
            "SMA_50": 0.34750369297623934,
            "RSI": 0.10221285437003987,
            "MACD": 0.1845940209309692,
            "Signal_Line": 0.11625530206452712
        },
        "model_type": "Conservative RandomForest"
    },
    "neural_network": {
        "train_accuracy": 0.7439613526570048,
        "validation_accuracy": 0.5366795366795367,
        "feature_importance": {
            "SMA_20": 0.30769230769230854,
            "SMA_50": 0.0,
            "RSI": 0.0,
            "MACD": 0.6923076923076914,
            "Signal_Line": 0.0
        },
        "model_type": "Neural Network"
    },
    "lstm": {
        "train_accuracy": 0.8243902325630188,
        "validation_accuracy": 0.5447470545768738,
        "feature_importance": {
            "SMA_20": 0.19594911613714697,
            "SMA_50": 0.1834482692848223,
            "RSI": 0.1843698453931477,
            "MACD": 0.13732538104368552,
            "Signal_Line": 0.2989073881411975
        },
        "model_type": "LSTM Neural Network",
        "training_history": {
            "accuracy": [
                0.5639024376869202,
                0.6078048944473267,
                0.6263414621353149,
                0.6487804651260376,
                0.6419512033462524,
                0.6390243768692017,
                0.6458536386489868,
                0.6731707453727722,
                0.6692683100700378,
                0.6878048777580261,
                0.6682927012443542,
                0.6995121836662292,
                0.70243901014328,
                0.70243901014328,
                0.7092682719230652,
                0.7131707072257996,
                0.7141463160514832,
                0.7160975337028503,
                0.7219512462615967,
                0.7239024639129639,
                0.7248780727386475,
                0.7248780727386475,
                0.7141463160514832,
                0.7034146189689636,
                0.7336585521697998,
                0.7531707286834717,
                0.6946341395378113,
                0.7278048992156982,
                0.6926829218864441,
                0.7141463160514832,
                0.7414634227752686,
                0.7200000286102295,
                0.7414634227752686,
                0.7658536434173584,
                0.7678048610687256,
                0.7502439022064209,
                0.7434146404266357,
                0.7512195110321045,
                0.7658536434173584,
                0.7512195110321045,
                0.7736585140228271,
                0.7658536434173584,
                0.7912195324897766,
                0.8097561001777649,
                0.8058536648750305,
                0.8009756207466125,
                0.8029268383979797,
                0.8185365796089172,
                0.7912195324897766,
                0.8126829266548157
            ],
            "loss": [
                0.6798204183578491,
                0.6608567833900452,
                0.6575840711593628,
                0.6446982026100159,
                0.6344826817512512,
                0.629465639591217,
                0.6307951807975769,
                0.6164534687995911,
                0.6154939532279968,
                0.5965968370437622,
                0.6095207929611206,
                0.5970516204833984,
                0.5837427377700806,
                0.5798818469047546,
                0.577309250831604,
                0.5659429430961609,
                0.5737665891647339,
                0.5609336495399475,
                0.5554754137992859,
                0.5510448813438416,
                0.5514292120933533,
                0.54264235496521,
                0.5651029944419861,
                0.5780125260353088,
                0.532855749130249,
                0.5226795077323914,
                0.5761122107505798,
                0.5471172332763672,
                0.5860341191291809,
                0.5589316487312317,
                0.5374065637588501,
                0.5350303053855896,
                0.5304762125015259,
                0.49585679173469543,
                0.49102887511253357,
                0.5260635018348694,
                0.5313670039176941,
                0.5067723989486694,
                0.49570897221565247,
                0.49215996265411377,
                0.47438862919807434,
                0.48078396916389465,
                0.4738369286060333,
                0.45232507586479187,
                0.44639337062835693,
                0.4283831715583801,
                0.43636515736579895,
                0.43727201223373413,
                0.45157670974731445,
                0.42106348276138306
            ],
            "val_accuracy": [
                0.5369649529457092,
                0.5447470545768738,
                0.5408560037612915,
                0.5408560037612915,
                0.5369649529457092,
                0.5097275972366333,
                0.505836546421051,
                0.5447470545768738,
                0.5564202070236206,
                0.5291828513145447,
                0.505836546421051,
                0.5447470545768738,
                0.5175096988677979,
                0.533073902130127,
                0.5136186480522156,
                0.505836546421051,
                0.5564202070236206,
                0.5953307151794434,
                0.5603112578392029,
                0.5369649529457092,
                0.5447470545768738,
                0.5214007496833801,
                0.5252918004989624,
                0.5408560037612915,
                0.5447470545768738,
                0.5408560037612915,
                0.5097275972366333,
                0.5408560037612915,
                0.5525291562080383,
                0.5680933594703674,
                0.5525291562080383,
                0.5603112578392029,
                0.5603112578392029,
                0.5369649529457092,
                0.5214007496833801,
                0.5291828513145447,
                0.5175096988677979,
                0.5214007496833801,
                0.5291828513145447,
                0.5525291562080383,
                0.5175096988677979,
                0.548638105392456,
                0.5447470545768738,
                0.5369649529457092,
                0.5369649529457092,
                0.5408560037612915,
                0.5291828513145447,
                0.5447470545768738,
                0.548638105392456,
                0.5447470545768738
            ],