{
    "random_forest_aggressive": {
        "train_accuracy": 0.957487922705314,
        "validation_accuracy": 0.5598455598455598,
        "feature_importance": {
            "SMA_20": 0.23827576790049518,
            "SMA_50": 0.31831179385559977,
            "RSI": 0.12353638127037754,
            "MACD": 0.16832177007697657,
            "Signal_Line": 0.15155428689655098
        },
        "model_type": "Aggressive"
    },
    "random_forest_conservative": {
        "train_accuracy": 0.7903381642512077,
        "validation_accuracy": 0.5675675675675675,
        "feature_importance": {
            "SMA_20": 0.2494341296582245,
            "SMA_50": 0.34750369297623934,
            "RSI": 0.10221285437003987,
            "MACD": 0.1845940209309692,
            "Signal_Line": 0.11625530206452712
        },
        "model_type": "Conservative"
    },
    "neural_network": {
        "train_accuracy": 0.7439613526570048,
        "validation_accuracy": 0.5366795366795367,
        "model_type": "MLP Neural Network"
    },
    "lstm": {
        "train_accuracy": 0.7945472002029419,
        "validation_accuracy": 0.5447470545768738,
        "model_type": "LSTM Neural Network",
        "training_history": {
            "accuracy": [
                0.5735151171684265,
                0.6280428171157837,
                0.6280428171157837,
                0.6348587870597839,
                0.6465433239936829,
                0.6562804579734802,
                0.6689386367797852,
                0.6777020692825317,
                0.6825705766677856,
                0.6689386367797852,
                0.7020447850227356,
                0.7030184864997864,
                0.6942551136016846,
                0.6932814121246338,
                0.6981499791145325,
                0.7069133520126343,
                0.7020447850227356,
                0.6971762180328369,
                0.7215189933776855,
                0.7078870534896851,
                0.7117818593978882,
                0.7244400978088379,
                0.7098344564437866,
                0.7215189933776855,
                0.7439143061637878,
                0.7332035303115845,
                0.7312560677528381,
                0.7409932017326355,
                0.7390457391738892,
                0.7117818593978882,
                0.746835470199585,
                0.7341772317886353,
                0.7429406046867371,
                0.7478091716766357,
                0.754625141620636,
                0.7536514401435852,
                0.7711781859397888,
                0.7575462460517883,
                0.7575462460517883,
                0.7487828731536865,
                0.754625141620636,
                0.770204484462738,
                0.762414813041687,
                0.7809152603149414,
                0.7682570815086365,
                0.7799415588378906,
                0.7604674100875854,
                0.7740992903709412,
                0.7750730514526367,
                0.7594936490058899
            ],
            "loss": [
                0.6759519577026367,
                0.6554790735244751,
                0.6469805836677551,
                0.631194531917572,
                0.6286763548851013,
                0.6222919225692749,
                0.6115725040435791,
                0.6081252694129944,
                0.6054807901382446,
                0.6093399524688721,
                0.5943138003349304,
                0.5984857678413391,
                0.6031150817871094,
                0.5975877046585083,
                0.59028559923172,
                0.5792032480239868,
                0.5798693895339966,
                0.5720335245132446,
                0.5740761160850525,
                0.5695486068725586,
                0.5794559121131897,
                0.5640949606895447,
                0.5739147663116455,
                0.5607760548591614,
                0.5468891263008118,
                0.5501883029937744,
                0.5483342409133911,
                0.5424354076385498,
                0.5338103175163269,
                0.5451837182044983,
                0.5485566258430481,
                0.5359029769897461,
                0.5306646227836609,
                0.5274159908294678,
                0.5188232660293579,
                0.5109965801239014,
                0.5051676630973816,
                0.5079639554023743,
                0.5087931752204895,
                0.5080333352088928,
                0.5175667405128479,
                0.49807652831077576,
                0.4904464781284332,
                0.4861353933811188,
                0.4934634864330292,
                0.4842696189880371,
                0.5050333738327026,
                0.4839535057544708,
                0.48428109288215637,
                0.4904651641845703
            ],
            "val_accuracy": [
                0.5408560037612915,
                0.5136186480522156,
                0.6108949184417725,
                0.6031128168106079,
                0.5719844102859497,
                0.5408560037612915,
                0.5642023086547852,
                0.5097275972366333,
                0.5719844102859497,
                0.5214007496833801,
                0.5175096988677979,
                0.5175096988677979,
                0.5175096988677979,
                0.5097275972366333,
                0.5136186480522156,
                0.5214007496833801,
                0.5175096988677979,
                0.505836546421051,
                0.5097275972366333,
                0.5680933594703674,
                0.5097275972366333,
                0.533073902130127,
                0.5097275972366333,
                0.5603112578392029,
                0.533073902130127,
                0.5136186480522156,
                0.5136186480522156,
                0.533073902130127,
                0.5291828513145447,
                0.5525291562080383,
                0.548638105392456,
                0.5719844102859497,
                0.5642023086547852,
                0.5408560037612915,
                0.5408560037612915,
                0.5564202070236206,
                0.533073902130127,
                0.5291828513145447,
                0.5408560037612915,
                0.548638105392456,
                0.548638105392456,
                0.5525291562080383,
                0.5291828513145447,
                0.5369649529457092,
                0.5369649529457092,
                0.5291828513145447,
                0.5291828513145447,
                0.5291828513145447,
                0.548638105392456,
                0.5447470545768738
            ],