{
    "train_accuracy": 0.8633880019187927,
    "validation_accuracy": 0.6086956262588501,
    "model_type": "LSTM Neural Network",
    "training_history": {
        "accuracy": [
            0.4863387942314148,
            0.6174863576889038,
            0.6557376980781555,
            0.6065573692321777,
            0.6721311211585999,
            0.688524603843689,
            0.6448087692260742,
            0.6666666865348816,
            0.7103825211524963,
            0.7322404384613037,
            0.7431694269180298,
            0.7213114500045776,
            0.748633861541748,
            0.748633861541748,
            0.7595628499984741,
            0.7759562730789185,
            0.8032786846160889,
            0.8087431788444519,
            0.7978141903877258,
            0.8142076730728149,
            0.7923497557640076,
            0.8142076730728149,
            0.7978141903877258,
            0.8196721076965332,
            0.8087431788444519,
            0.8196721076965332,
            0.8087431788444519,
            0.8196721076965332,
            0.8251366019248962,
            0.8142076730728149,
            0.8415300250053406,
            0.8360655903816223,
            0.8360655903816223,
            0.8142076730728149,
            0.8306010961532593,
            0.8251366019248962,
            0.8360655903816223,
            0.8251366019248962,
            0.8360655903816223,
            0.8360655903816223,
            0.8524590134620667,
            0.8415300250053406,
            0.8469945192337036,
            0.8524590134620667,
            0.8251366019248962,
            0.8579235076904297,
            0.8360655903816223,
            0.8415300250053406,
            0.8251366019248962,
            0.8524590134620667
        ],
        "loss": [
            0.694136917591095,
            0.682451605796814,
            0.6658116579055786,
            0.6570520997047424,
            0.6313590407371521,
            0.6092211604118347,
            0.5827526450157166,
            0.5463873744010925,
            0.5279378294944763,
            0.49179115891456604,
            0.4670311212539673,
            0.46172407269477844,
            0.45910975337028503,
            0.47427836060523987,
            0.41631221771240234,
            0.41686269640922546,
            0.38849741220474243,
            0.39028045535087585,
            0.3838275074958801,
            0.3820638060569763,
            0.4113381803035736,
            0.37618979811668396,
            0.3969266414642334,
            0.3570515811443329,
            0.36209478974342346,
            0.35653162002563477,
            0.3675062954425812,
            0.34780389070510864,
            0.3403199017047882,
            0.3349321186542511,
            0.3310639560222626,
            0.34032192826271057,
            0.33312535285949707,
            0.36109623312950134,
            0.35538285970687866,
            0.3565169870853424,
            0.3243636190891266,
            0.3440326154232025,
            0.33013051748275757,
            0.32413947582244873,
            0.3127656579017639,
            0.3232205808162689,
            0.32230082154273987,
            0.3265339136123657,
            0.32728931307792664,
            0.31253325939178467,
            0.3322388827800751,
            0.3182735741138458,
            0.32651710510253906,
            0.3118850588798523
        ],
        "val_accuracy": [
            0.6086956262588501,
            0.6521739363670349,
            0.6521739363670349,
            0.6739130616188049,
            0.717391312122345,
            0.695652186870575,
            0.6739130616188049,
            0.6739130616188049,
            0.6739130616188049,
            0.6521739363670349,
            0.717391312122345,
            0.717391312122345,
            0.6521739363670349,
            0.6739130616188049,
            0.6739130616188049,
            0.6739130616188049,
            0.6521739363670349,
            0.6304348111152649,
            0.6304348111152649,
            0.6304348111152649,
            0.6521739363670349,
            0.6086956262588501,
            0.5869565010070801,
            0.6086956262588501,
            0.5869565010070801,
            0.52173912525177,
            0.52173912525177,
            0.5652173757553101,
            0.5652173757553101,
            0.52173912525177,
            0.52173912525177,
            0.5869565010070801,
            0.6304348111152649,
            0.6521739363670349,
            0.6521739363670349,
            0.6304348111152649,
            0.6086956262588501,
            0.6304348111152649,
            0.6304348111152649,
            0.6086956262588501,
            0.5652173757553101,
            0.5652173757553101,
            0.52173912525177,
            0.52173912525177,
            0.52173912525177,
            0.54347825050354,
            0.6304348111152649,
            0.6304348111152649,
            0.6086956262588501,
            0.6086956262588501
        ],
        "val_loss": [
            0.6874604225158691,
            0.6811586618423462,
            0.6730272173881531,
            0.6628932952880859,
            0.6491944193840027,
            0.6300424337387085,
            0.6262723803520203,
            0.6306964755058289,
            0.6620350480079651,
            0.7387377023696899,
            0.6792070269584656,
            0.6719978451728821,
            0.8560561537742615,
            0.8324174284934998,
            0.8940871953964233,
            0.9670302271842957,
            1.1241284608840942,
            1.2501226663589478,
            1.3816365003585815,
            1.499484658241272,
            1.3133569955825806,
            1.5103867053985596,
            1.693727731704712,
            1.7115360498428345,
            1.7668477296829224,
            1.9443706274032593,
            1.9969464540481567,
            1.8284178972244263,
            1.7997424602508545,
            1.9295649528503418,
            2.0464282035827637,
            1.9907180070877075,
            1.7012027502059937,
            1.5449177026748657,
            1.635602593421936,
            1.715577483177185,
            1.7470041513442993,
            1.6533780097961426,
            1.7171103954315186,
            1.8364356756210327,
            1.992599368095398,
            1.9710243940353394,
            2.001591444015503,
            2.04634165763855,
            2.1000168323516846,
            1.9478315114974976,
            1.8873176574707031,
            1.8511539697647095,
            1.8640284538269043,
            1.9154938459396362
        ]
    }
}