{
    "train_accuracy": 0.8524590134620667,
    "validation_accuracy": 0.5652173757553101,
    "model_type": "LSTM Neural Network",
    "training_history": {
        "accuracy": [
            0.5245901346206665,
            0.5792349576950073,
            0.6721311211585999,
            0.6830601096153259,
            0.7103825211524963,
            0.6830601096153259,
            0.6830601096153259,
            0.6775956153869629,
            0.7049180269241333,
            0.7431694269180298,
            0.7814207673072815,
            0.7540983557701111,
            0.7704917788505554,
            0.7978141903877258,
            0.7814207673072815,
            0.7759562730789185,
            0.7978141903877258,
            0.7978141903877258,
            0.8032786846160889,
            0.8087431788444519,
            0.8306010961532593,
            0.8087431788444519,
            0.8306010961532593,
            0.8142076730728149,
            0.7923497557640076,
            0.8251366019248962,
            0.8469945192337036,
            0.8415300250053406,
            0.8469945192337036,
            0.8469945192337036,
            0.8524590134620667,
            0.868852436542511,
            0.874316930770874,
            0.868852436542511,
            0.868852436542511,
            0.874316930770874,
            0.8633880019187927,
            0.8797814249992371,
            0.8524590134620667,
            0.8579235076904297,
            0.8579235076904297,
            0.868852436542511,
            0.8633880019187927,
            0.8633880019187927,
            0.8852459192276001,
            0.8907103538513184,
            0.874316930770874,
            0.8469945192337036,
            0.8797814249992371,
            0.8633880019187927
        ],
        "loss": [
            0.69492506980896,
            0.6818587779998779,
            0.6708113551139832,
            0.6576626896858215,
            0.6341732740402222,
            0.612098753452301,
            0.5841526389122009,
            0.5565670728683472,
            0.527330219745636,
            0.5051048398017883,
            0.47998499870300293,
            0.4657036066055298,
            0.45548951625823975,
            0.4345491826534271,
            0.4245615601539612,
            0.4274739623069763,
            0.41799646615982056,
            0.40890252590179443,
            0.39410126209259033,
            0.3844263553619385,
            0.36403805017471313,
            0.37068700790405273,
            0.36493945121765137,
            0.36347678303718567,
            0.3657706081867218,
            0.3738768398761749,
            0.346010684967041,
            0.3313739001750946,
            0.33863645792007446,
            0.33695387840270996,
            0.3205142617225647,
            0.31569045782089233,
            0.32221758365631104,
            0.30070748925209045,
            0.2993246912956238,
            0.2903372049331665,
            0.29840895533561707,
            0.2713440954685211,
            0.2807488739490509,
            0.26283496618270874,
            0.27364811301231384,
            0.2798481583595276,
            0.2599671185016632,
            0.2715640366077423,
            0.26423314213752747,
            0.2474822849035263,
            0.2538299262523651,
            0.29275158047676086,
            0.27005141973495483,
            0.28150612115859985
        ],
        "val_accuracy": [
            0.52173912525177,
            0.52173912525177,
            0.52173912525177,
            0.52173912525177,
            0.5652173757553101,
            0.54347825050354,
            0.5652173757553101,
            0.52173912525177,
            0.5652173757553101,
            0.6304348111152649,
            0.6304348111152649,
            0.6304348111152649,
            0.6521739363670349,
            0.6304348111152649,
            0.6304348111152649,
            0.6304348111152649,
            0.6304348111152649,
            0.6086956262588501,
            0.6086956262588501,
            0.6086956262588501,
            0.6086956262588501,
            0.6086956262588501,
            0.5652173757553101,
            0.5652173757553101,
            0.6086956262588501,
            0.6086956262588501,
            0.5652173757553101,
            0.5652173757553101,
            0.5869565010070801,
            0.6304348111152649,
            0.6304348111152649,
            0.5869565010070801,
            0.5869565010070801,
            0.6304348111152649,
            0.6086956262588501,
            0.6086956262588501,
            0.6086956262588501,
            0.5652173757553101,
            0.6086956262588501,
            0.5869565010070801,
            0.6086956262588501,
            0.6086956262588501,
            0.5869565010070801,
            0.5869565010070801,
            0.6086956262588501,
            0.5869565010070801,
            0.5869565010070801,
            0.5869565010070801,
            0.5652173757553101,
            0.5652173757553101
        ],
        "val_loss": [
            0.6718999147415161,
            0.657234251499176,
            0.6447516679763794,
            0.6377712488174438,
            0.6427498459815979,
            0.706513524055481,
            0.8239455819129944,
            0.9673109650611877,
            1.0841660499572754,
            1.1759486198425293,
            1.2736327648162842,
            1.2549374103546143,
            1.3795360326766968,
            1.5164916515350342,
            1.532490611076355,
            1.6167148351669312,
            1.600501537322998,
            1.7108505964279175,
            1.8209649324417114,
            1.8405652046203613,
            1.7844864130020142,
            1.7579115629196167,
            1.8152297735214233,
            1.9325752258300781,
            1.696770191192627,
            1.5694868564605713,
            1.7317204475402832,
            1.7660061120986938,
            1.628252387046814,
            1.454850435256958,
            1.4788448810577393,
            1.573215365409851,
            1.5673896074295044,
            1.521754264831543,
            1.5127071142196655,
            1.458115816116333,
            1.5104718208312988,
            1.5682271718978882,
            1.5567985773086548,
            1.5664210319519043,
            1.6063817739486694,
            1.626145601272583,
            1.731074333190918,
            1.8067229986190796,
            1.7111313343048096,
            1.6702558994293213,
            1.699082612991333,
            1.7975598573684692,
            1.7148581743240356,
            1.706749439239502
        ]
    }
}