{
    "total_trades": 165,
    "winning_trades": 89,
    "losing_trades": 76,
    "win_rate": 0.5393939393939394,
    "total_profit": 22.31294281024074,
    "final_balance": 10022.31294281024,
    "return_pct": 0.223129428102402,
    "max_drawdown_pct": 0.14763012473770992
}