{
    "total_trades": 177,
    "winning_trades": 102,
    "losing_trades": 75,
    "win_rate": 0.576271186440678,
    "total_profit": 36.98962567170695,
    "final_balance": 10036.989625671706,
    "return_pct": 0.36989625671705656,
    "max_drawdown_pct": 0.07428086557277536
}